﻿pos_x,pos_y,rotation,side,designator,mpn,pack,footprint,value,mount_type
84.5,-36.0,-90.0,top,C1,,,C_0805_2012Metric,10u,smt
158.45,-68.98,0.0,top,C14,,,C_0805_2012Metric,10u,smt
158.45,-71.99,0.0,top,C15,,,C_0805_2012Metric,1u,smt
158.45,-75.0,0.0,top,C16,,,C_0805_2012Metric,0.1u,smt
156.794888,-63.5,0.0,top,C17,,,CP_Radial_D5.0mm_P2.50mm,470u,tht
108.0,-41.0,0.0,top,C18,,,C_0805_2012Metric,10u,smt
108.05,-35.95,0.0,top,C19,,,C_0805_2012Metric,1u,smt
87.5,-36.0,-90.0,top,C2,,,C_0805_2012Metric,1u,smt
108.05,-38.45,0.0,top,C20,,,C_0805_2012Metric,0.1u,smt
102.5,-32.95,90.0,top,C21,,,CP_Radial_D5.0mm_P2.50mm,470u,tht
102.5,-36.45,-90.0,top,C22,,,CP_Radial_D5.0mm_P2.50mm,470u,tht
165.0,-43.5,0.0,top,C23,,,C_0805_2012Metric,1u,smt
91.0,-36.05,-90.0,top,C3,,,C_0805_2012Metric,0.1u,smt
90.5,-46.55,90.0,top,C4,,,C_0805_2012Metric,10u,smt
94.0,-46.55,90.0,top,C5,,,C_0805_2012Metric,1u,smt
97.5,-46.45,90.0,top,C6,,,C_0805_2012Metric,0.1u,smt
120.45,-42.5,180.0,top,C7,,,C_0805_2012Metric,10u,smt
120.45,-46.0,180.0,top,C8,,,C_0805_2012Metric,1u,smt
120.5,-49.5,180.0,top,C9,,,C_0805_2012Metric,0.1u,smt
80.5,-33.5,180.0,top,J1,,,PinHeader_1x02_P2.54mm_Vertical,Conn_01x02_Pin,tht
160.5,-50.74,180.0,top,J3,,,PinHeader_1x08_P2.54mm_Vertical,Conn_01x08,tht
149.5,-74.35,0.0,top,J4,,,JST_GH_SM06B-GHS-TB_1x06-1MP_P1.25mm_Horizontal,Conn_01x06_MountingPin,smt
110.625,-31.35,180.0,top,J5,,,JST_GH_SM04B-GHS-TB_1x04-1MP_P1.25mm_Horizontal,Conn_01x04_MountingPin,smt
76.275,-42.5,-90.0,top,J6,,,USB_C_Receptacle_G-Switch_GT-USB-7010ASV,USB_C_Receptacle_USB2.0_16P,smt
83.5,-43.5,0.0,top,R12,,,R_0805_2012Metric,5.1K,smt
83.5,-41.0,0.0,top,R2,,,R_0805_2012Metric,5.1K,smt
116.5,-40.0375,90.0,top,R6,,,R_0805_2012Metric,0,smt
113.0,-39.95,90.0,top,R7,,,R_0805_2012Metric,0,smt
152.0,-68.0875,-90.0,top,R8,,,R_0805_2012Metric,0,smt
149.05,-68.0875,-90.0,top,R9,,,R_0805_2012Metric,0,smt
96.5,-75.0,90.0,top,U1,,,Portenta_H7,~,tht
144.95,-50.0,180.0,top,U2,,,Nicla,~,tht
