﻿Designator,Quantity,Value,Footprint,Package,MPN,DNP,Mount_Type,Description
"C1, C14, C18, C4, C7",5,10u,C_0805_2012Metric,,,,smt,Unpolarized capacitor
"C15, C19, C2, C23, C5, C8",6,1u,C_0805_2012Metric,,,,smt,Unpolarized capacitor
"C16, C20, C3, C6, C9",5,0.1u,C_0805_2012Metric,,,,smt,Unpolarized capacitor
"C17, C21, C22",3,470u,CP_Radial_D5.0mm_P2.50mm,,,,tht,Unpolarized capacitor
J1,1,Conn_01x02_Pin,PinHeader_1x02_P2.54mm_Vertical,,,,tht,"Generic connector, single row, 01x02, script generated"
J3,1,Conn_01x08,PinHeader_1x08_P2.54mm_Vertical,,,,tht,"Generic connector, single row, 01x08, script generated (kicad-library-utils/schlib/autogen/connector/)"
J4,1,Conn_01x06_MountingPin,JST_GH_SM06B-GHS-TB_1x06-1MP_P1.25mm_Horizontal,,,,smt,"Generic connectable mounting pin connector, single row, 01x06, script generated (kicad-library-utils/schlib/autogen/connector/)"
J5,1,Conn_01x04_MountingPin,JST_GH_SM04B-GHS-TB_1x04-1MP_P1.25mm_Horizontal,,,,smt,"Generic connectable mounting pin connector, single row, 01x04, script generated (kicad-library-utils/schlib/autogen/connector/)"
J6,1,USB_C_Receptacle_USB2.0_16P,USB_C_Receptacle_G-Switch_GT-USB-7010ASV,,,,smt,USB 2.0-only 16P Type-C Receptacle connector
"R12, R2",2,5.1K,R_0805_2012Metric,,,,smt,Resistor
"R6, R7, R8, R9",4,0,R_0805_2012Metric,,,,smt,"Resistor, small symbol"
U1,1,~,Portenta_H7,,,,tht,
U2,1,~,Nicla,,,,tht,
